[{"model": "admin.logentry", "pk": 1, "fields": {"action_time": "2021-12-15T09:58:06.898Z", "user": 1, "content_type": 7, "object_id": "6", "object_repr": "Не оторваться. (Стулья)", "action_flag": 2, "change_message": "[{\"changed\": {\"fields\": [\"\\u0426\\u0435\\u043d\\u0430\"]}}]"}}, {"model": "admin.logentry", "pk": 2, "fields": {"action_time": "2021-12-15T09:58:09.450Z", "user": 1, "content_type": 7, "object_id": "6", "object_repr": "Не оторваться. (Стулья)", "action_flag": 2, "change_message": "[]"}}, {"model": "admin.logentry", "pk": 3, "fields": {"action_time": "2021-12-15T09:58:16.202Z", "user": 1, "content_type": 7, "object_id": "5", "object_repr": "Не оторваться. (Стулья)", "action_flag": 2, "change_message": "[{\"changed\": {\"fields\": [\"\\u0426\\u0435\\u043d\\u0430\"]}}]"}}, {"model": "admin.logentry", "pk": 4, "fields": {"action_time": "2021-12-15T09:58:30.984Z", "user": 1, "content_type": 7, "object_id": "3", "object_repr": "Не оторваться. (Стулья)", "action_flag": 2, "change_message": "[{\"changed\": {\"fields\": [\"\\u0426\\u0435\\u043d\\u0430\"]}}]"}}, {"model": "admin.logentry", "pk": 5, "fields": {"action_time": "2021-12-15T09:58:38.837Z", "user": 1, "content_type": 7, "object_id": "1", "object_repr": "Не оторваться. (Стулья)", "action_flag": 2, "change_message": "[{\"changed\": {\"fields\": [\"\\u0426\\u0435\\u043d\\u0430\"]}}]"}}, {"model": "admin.logentry", "pk": 6, "fields": {"action_time": "2021-12-15T10:26:53.708Z", "user": 1, "content_type": 7, "object_id": "6", "object_repr": "Ламопчка (Стулья)", "action_flag": 2, "change_message": "[{\"changed\": {\"fields\": [\"\\u0418\\u043c\\u044f \\u043f\\u0440\\u043e\\u0434\\u0443\\u043a\\u0442\\u0430\"]}}]"}}, {"model": "admin.logentry", "pk": 7, "fields": {"action_time": "2021-12-15T10:27:11.690Z", "user": 1, "content_type": 7, "object_id": "5", "object_repr": "Офисный стул (Стулья)", "action_flag": 2, "change_message": "[{\"changed\": {\"fields\": [\"\\u0418\\u043c\\u044f \\u043f\\u0440\\u043e\\u0434\\u0443\\u043a\\u0442\\u0430\"]}}]"}}, {"model": "admin.logentry", "pk": 8, "fields": {"action_time": "2021-12-15T10:27:34.939Z", "user": 1, "content_type": 7, "object_id": "4", "object_repr": "Плафон (Стулья)", "action_flag": 2, "change_message": "[{\"changed\": {\"fields\": [\"\\u0418\\u043c\\u044f \\u043f\\u0440\\u043e\\u0434\\u0443\\u043a\\u0442\\u0430\", \"\\u0426\\u0435\\u043d\\u0430\"]}}]"}}, {"model": "admin.logentry", "pk": 9, "fields": {"action_time": "2021-12-15T10:27:52.796Z", "user": 1, "content_type": 7, "object_id": "3", "object_repr": "Красный стул (Стулья)", "action_flag": 2, "change_message": "[{\"changed\": {\"fields\": [\"\\u0418\\u043c\\u044f \\u043f\\u0440\\u043e\\u0434\\u0443\\u043a\\u0442\\u0430\"]}}]"}}, {"model": "admin.logentry", "pk": 10, "fields": {"action_time": "2021-12-15T10:28:05.453Z", "user": 1, "content_type": 7, "object_id": "2", "object_repr": "Чайник (Стулья)", "action_flag": 2, "change_message": "[{\"changed\": {\"fields\": [\"\\u0418\\u043c\\u044f \\u043f\\u0440\\u043e\\u0434\\u0443\\u043a\\u0442\\u0430\"]}}]"}}, {"model": "admin.logentry", "pk": 11, "fields": {"action_time": "2021-12-15T10:28:15.666Z", "user": 1, "content_type": 7, "object_id": "1", "object_repr": "Два стула (Стулья)", "action_flag": 2, "change_message": "[{\"changed\": {\"fields\": [\"\\u0418\\u043c\\u044f \\u043f\\u0440\\u043e\\u0434\\u0443\\u043a\\u0442\\u0430\"]}}]"}}, {"model": "auth.permission", "pk": 1, "fields": {"name": "Can add log entry", "content_type": 1, "codename": "add_logentry"}}, {"model": "auth.permission", "pk": 2, "fields": {"name": "Can change log entry", "content_type": 1, "codename": "change_logentry"}}, {"model": "auth.permission", "pk": 3, "fields": {"name": "Can delete log entry", "content_type": 1, "codename": "delete_logentry"}}, {"model": "auth.permission", "pk": 4, "fields": {"name": "Can view log entry", "content_type": 1, "codename": "view_logentry"}}, {"model": "auth.permission", "pk": 5, "fields": {"name": "Can add permission", "content_type": 2, "codename": "add_permission"}}, {"model": "auth.permission", "pk": 6, "fields": {"name": "Can change permission", "content_type": 2, "codename": "change_permission"}}, {"model": "auth.permission", "pk": 7, "fields": {"name": "Can delete permission", "content_type": 2, "codename": "delete_permission"}}, {"model": "auth.permission", "pk": 8, "fields": {"name": "Can view permission", "content_type": 2, "codename": "view_permission"}}, {"model": "auth.permission", "pk": 9, "fields": {"name": "Can add group", "content_type": 3, "codename": "add_group"}}, {"model": "auth.permission", "pk": 10, "fields": {"name": "Can change group", "content_type": 3, "codename": "change_group"}}, {"model": "auth.permission", "pk": 11, "fields": {"name": "Can delete group", "content_type": 3, "codename": "delete_group"}}, {"model": "auth.permission", "pk": 12, "fields": {"name": "Can view group", "content_type": 3, "codename": "view_group"}}, {"model": "auth.permission", "pk": 13, "fields": {"name": "Can add content type", "content_type": 4, "codename": "add_contenttype"}}, {"model": "auth.permission", "pk": 14, "fields": {"name": "Can change content type", "content_type": 4, "codename": "change_contenttype"}}, {"model": "auth.permission", "pk": 15, "fields": {"name": "Can delete content type", "content_type": 4, "codename": "delete_contenttype"}}, {"model": "auth.permission", "pk": 16, "fields": {"name": "Can view content type", "content_type": 4, "codename": "view_contenttype"}}, {"model": "auth.permission", "pk": 17, "fields": {"name": "Can add session", "content_type": 5, "codename": "add_session"}}, {"model": "auth.permission", "pk": 18, "fields": {"name": "Can change session", "content_type": 5, "codename": "change_session"}}, {"model": "auth.permission", "pk": 19, "fields": {"name": "Can delete session", "content_type": 5, "codename": "delete_session"}}, {"model": "auth.permission", "pk": 20, "fields": {"name": "Can view session", "content_type": 5, "codename": "view_session"}}, {"model": "auth.permission", "pk": 21, "fields": {"name": "Can add product category", "content_type": 6, "codename": "add_productcategory"}}, {"model": "auth.permission", "pk": 22, "fields": {"name": "Can change product category", "content_type": 6, "codename": "change_productcategory"}}, {"model": "auth.permission", "pk": 23, "fields": {"name": "Can delete product category", "content_type": 6, "codename": "delete_productcategory"}}, {"model": "auth.permission", "pk": 24, "fields": {"name": "Can view product category", "content_type": 6, "codename": "view_productcategory"}}, {"model": "auth.permission", "pk": 25, "fields": {"name": "Can add product", "content_type": 7, "codename": "add_product"}}, {"model": "auth.permission", "pk": 26, "fields": {"name": "Can change product", "content_type": 7, "codename": "change_product"}}, {"model": "auth.permission", "pk": 27, "fields": {"name": "Can delete product", "content_type": 7, "codename": "delete_product"}}, {"model": "auth.permission", "pk": 28, "fields": {"name": "Can view product", "content_type": 7, "codename": "view_product"}}, {"model": "auth.permission", "pk": 29, "fields": {"name": "Can add user", "content_type": 8, "codename": "add_shopuser"}}, {"model": "auth.permission", "pk": 30, "fields": {"name": "Can change user", "content_type": 8, "codename": "change_shopuser"}}, {"model": "auth.permission", "pk": 31, "fields": {"name": "Can delete user", "content_type": 8, "codename": "delete_shopuser"}}, {"model": "auth.permission", "pk": 32, "fields": {"name": "Can view user", "content_type": 8, "codename": "view_shopuser"}}, {"model": "auth.permission", "pk": 33, "fields": {"name": "Can add basket", "content_type": 9, "codename": "add_basket"}}, {"model": "auth.permission", "pk": 34, "fields": {"name": "Can change basket", "content_type": 9, "codename": "change_basket"}}, {"model": "auth.permission", "pk": 35, "fields": {"name": "Can delete basket", "content_type": 9, "codename": "delete_basket"}}, {"model": "auth.permission", "pk": 36, "fields": {"name": "Can view basket", "content_type": 9, "codename": "view_basket"}}, {"model": "auth.permission", "pk": 37, "fields": {"name": "Can add association", "content_type": 10, "codename": "add_association"}}, {"model": "auth.permission", "pk": 38, "fields": {"name": "Can change association", "content_type": 10, "codename": "change_association"}}, {"model": "auth.permission", "pk": 39, "fields": {"name": "Can delete association", "content_type": 10, "codename": "delete_association"}}, {"model": "auth.permission", "pk": 40, "fields": {"name": "Can view association", "content_type": 10, "codename": "view_association"}}, {"model": "auth.permission", "pk": 41, "fields": {"name": "Can add code", "content_type": 11, "codename": "add_code"}}, {"model": "auth.permission", "pk": 42, "fields": {"name": "Can change code", "content_type": 11, "codename": "change_code"}}, {"model": "auth.permission", "pk": 43, "fields": {"name": "Can delete code", "content_type": 11, "codename": "delete_code"}}, {"model": "auth.permission", "pk": 44, "fields": {"name": "Can view code", "content_type": 11, "codename": "view_code"}}, {"model": "auth.permission", "pk": 45, "fields": {"name": "Can add nonce", "content_type": 12, "codename": "add_nonce"}}, {"model": "auth.permission", "pk": 46, "fields": {"name": "Can change nonce", "content_type": 12, "codename": "change_nonce"}}, {"model": "auth.permission", "pk": 47, "fields": {"name": "Can delete nonce", "content_type": 12, "codename": "delete_nonce"}}, {"model": "auth.permission", "pk": 48, "fields": {"name": "Can view nonce", "content_type": 12, "codename": "view_nonce"}}, {"model": "auth.permission", "pk": 49, "fields": {"name": "Can add user social auth", "content_type": 13, "codename": "add_usersocialauth"}}, {"model": "auth.permission", "pk": 50, "fields": {"name": "Can change user social auth", "content_type": 13, "codename": "change_usersocialauth"}}, {"model": "auth.permission", "pk": 51, "fields": {"name": "Can delete user social auth", "content_type": 13, "codename": "delete_usersocialauth"}}, {"model": "auth.permission", "pk": 52, "fields": {"name": "Can view user social auth", "content_type": 13, "codename": "view_usersocialauth"}}, {"model": "auth.permission", "pk": 53, "fields": {"name": "Can add partial", "content_type": 14, "codename": "add_partial"}}, {"model": "auth.permission", "pk": 54, "fields": {"name": "Can change partial", "content_type": 14, "codename": "change_partial"}}, {"model": "auth.permission", "pk": 55, "fields": {"name": "Can delete partial", "content_type": 14, "codename": "delete_partial"}}, {"model": "auth.permission", "pk": 56, "fields": {"name": "Can view partial", "content_type": 14, "codename": "view_partial"}}, {"model": "auth.permission", "pk": 57, "fields": {"name": "Can add shop user profile", "content_type": 15, "codename": "add_shopuserprofile"}}, {"model": "auth.permission", "pk": 58, "fields": {"name": "Can change shop user profile", "content_type": 15, "codename": "change_shopuserprofile"}}, {"model": "auth.permission", "pk": 59, "fields": {"name": "Can delete shop user profile", "content_type": 15, "codename": "delete_shopuserprofile"}}, {"model": "auth.permission", "pk": 60, "fields": {"name": "Can view shop user profile", "content_type": 15, "codename": "view_shopuserprofile"}}, {"model": "auth.permission", "pk": 61, "fields": {"name": "Can add заказ", "content_type": 16, "codename": "add_order"}}, {"model": "auth.permission", "pk": 62, "fields": {"name": "Can change заказ", "content_type": 16, "codename": "change_order"}}, {"model": "auth.permission", "pk": 63, "fields": {"name": "Can delete заказ", "content_type": 16, "codename": "delete_order"}}, {"model": "auth.permission", "pk": 64, "fields": {"name": "Can view заказ", "content_type": 16, "codename": "view_order"}}, {"model": "auth.permission", "pk": 65, "fields": {"name": "Can add order item", "content_type": 17, "codename": "add_orderitem"}}, {"model": "auth.permission", "pk": 66, "fields": {"name": "Can change order item", "content_type": 17, "codename": "change_orderitem"}}, {"model": "auth.permission", "pk": 67, "fields": {"name": "Can delete order item", "content_type": 17, "codename": "delete_orderitem"}}, {"model": "auth.permission", "pk": 68, "fields": {"name": "Can view order item", "content_type": 17, "codename": "view_orderitem"}}, {"model": "sessions.session", "pk": "1gssu4wccyfgjhv6wtfzfkqacsx0wkt1", "fields": {"session_data": ".eJxVjMEOwiAQRP-FsyEsdYvr0Xu_gSwslaqBpLQn47_bJj3oaZJ5b-atPK9L9mtLs59EXRWo028XOD5T2YE8uNyrjrUs8xT0ruiDNj1USa_b4f4dZG55W2NgkWTlTALBjAgGnOVuDIRCSN0FE0YiBtf1lh0T9rClCRYZmEF9vuioN5A:1n0SDa:PQwoqP-a0sj2XwxbRtxeMv6-qmJMzexiKznD1LzDo9s", "expire_date": "2022-01-06T17:49:30.493Z"}}, {"model": "sessions.session", "pk": "2gq4qf7001puhbmwvqzfbwyf3zzfwle2", "fields": {"session_data": ".eJxVjDsOwjAQBe_iGll2_KekzxmsXe-CA8iR4qRC3B0ipYD2zcx7iQzbWvPWeckTibMYxOl3QygPbjugO7TbLMvc1mVCuSvyoF2OM_Hzcrh_BxV6_dYxuVQ0srVMugRATaRjiOQ5OKMMmwFIgfUGNThFbPU1pejBW8SgjHh_AOmhN8w:1mwotq:R78nFat9GjUD5-3ZAsq_utTmAnGcSqSdOyfOydQLCFk", "expire_date": "2021-12-27T17:14:06.207Z"}}, {"model": "sessions.session", "pk": "382og8i7nfz19x02qdl50ob0j2e57axd", "fields": {"session_data": "e30:1mwotU:pNDpDCUDqIuOdOe63dN1ktRdQ4RLAvC_Ds8xosBiG7Y", "expire_date": "2021-12-27T17:13:44.135Z"}}, {"model": "sessions.session", "pk": "73xqflj0t0aw19ifwhcmx3trywhl7ggc", "fields": {"session_data": ".eJxVjMEOwiAQRP-FsyEsdYvr0Xu_gSwslaqBpLQn47_bJj3oaZJ5b-atPK9L9mtLs59EXRWo028XOD5T2YE8uNyrjrUs8xT0ruiDNj1USa_b4f4dZG55W2NgkWTlTALBjAgGnOVuDIRCSN0FE0YiBtf1lh0T9rClCRYZmEF9vuioN5A:1nDrJP:ZPVdK168kyWEg5h9s_QQyI7DSArWEBwP0eWP9JCgGM4", "expire_date": "2022-02-12T17:14:55.494Z"}}, {"model": "sessions.session", "pk": "85bnpx87f6be7dyf4j9mhe80aa2psv69", "fields": {"session_data": ".eJxVjMEOwiAQRP-FsyEsdYvr0Xu_gSwslaqBpLQn47_bJj3oaZJ5b-atPK9L9mtLs59EXRWo028XOD5T2YE8uNyrjrUs8xT0ruiDNj1USa_b4f4dZG55W2NgkWTlTALBjAgGnOVuDIRCSN0FE0YiBtf1lh0T9rClCRYZmEF9vuioN5A:1nB2O0:br8YONgHTH-meuKnGZmVqTs51RNHPU8OBVh7_4tuUlk", "expire_date": "2022-02-04T22:28:00.659Z"}}, {"model": "sessions.session", "pk": "8yh9ytfq9sw9yf8kq3c9nep9zsx3vfjv", "fields": {"session_data": ".eJxVjMEOwiAQRP-FsyEsdYvr0Xu_gSwslaqBpLQn47_bJj3oaZJ5b-atPK9L9mtLs59EXRWo028XOD5T2YE8uNyrjrUs8xT0ruiDNj1USa_b4f4dZG55W2NgkWTlTALBjAgGnOVuDIRCSN0FE0YiBtf1lh0T9rClCRYZmEF9vuioN5A:1myd9O:ooi2U5me-oSvYVOQtng9N72toMXXZOBBkpa7z6pBe8w", "expire_date": "2022-01-01T17:05:38.715Z"}}, {"model": "sessions.session", "pk": "f7t6u4qnjan0oyr6ets4ubihiqgo8od0", "fields": {"session_data": "e30:1mwosK:wuVeF-R7MO9_-_QOeMF47DpcesDbP0mY6YGknT7mN3U", "expire_date": "2021-12-27T17:12:32.429Z"}}, {"model": "sessions.session", "pk": "gv7vynaggyr2utxkk035dkr96dv9q4nb", "fields": {"session_data": ".eJxVjDsOwjAQBe_iGll2_Kek5wzW7nqNAyiR4qRC3B0ipYD2zcx7iQzb2vLWecljEWcRxOl3Q6AHTzsod5hus6R5WpcR5a7Ig3Z5nQs_L4f7d9Cgt2-dkGp0Q2Sn0AyknUpB1wig0erqBvI22mLABtKGo0qWgH1BXwmr4STeH99zODg:1n7X6R:Ey2hKyzA7LRDZ0SamZYu60DcdbinJIrKhO558IfZ11Y", "expire_date": "2022-01-26T06:27:23.610Z"}}, {"model": "sessions.session", "pk": "l211104e6ngq1ic2ynhd79pf1oo0k6gu", "fields": {"session_data": ".eJxVjEsOwjAMBe-SNYqaxk0cluw5Q-XENimgVupnhbg7VOoCtm9m3sv0tK213xaZ-4HN2Xhz-t0ylYeMO-A7jbfJlmlc5yHbXbEHXex1YnleDvfvoNJSv3WrrRNPzvnoQbkAYSYF7BhFOULjsoeAoBlTghgisqqEjkijNJTM-wPpVDhM:1mxSbR:_R0RkburYdl1ztp0kEiB9ClMgAyyldxOGAmPGBnfolk", "expire_date": "2021-12-29T11:37:45.970Z"}}, {"model": "sessions.session", "pk": "qdrn6t6v0gxmtzflppl1okjhtxmlpjbu", "fields": {"session_data": ".eJxVj02LwjAQhv9Lzm5tPppWb6JgoWAvi7KnMJ1MbWltwcQiiP99U5FlvczhGZ73nXmwge6erdmSLdjUfY1w840wzoOnQMvz6ZQfuno_Nfk9Ly5DdSnSfFu2fst33_onSGY2zM3R1bQ2KNknqwA7GuaFG7GF3uB4pehNXTR10bEoN3Ppp9eAa4IkpFqBSjPkBAlazaW0lmoCiqVSCtFmK9RpUvMwRVJJkEKgrHisdUw1hNB37yu6B-dNP57b4d9hf2-z5y-Ea1la:1nD93f:fypbU37U1vkAAMS2npgRlGB3o5mx2TF4P-CZ24T1SCg", "expire_date": "2022-02-10T17:59:43.615Z"}}, {"model": "sessions.session", "pk": "qy8xzcruklp9xre3n7j8hgumlwur91kf", "fields": {"session_data": ".eJxVj8FuwjAMht8lZ1baJA1lNzZpCNDGmKpdI9dx19KqRUlaISHenXRC07j48Fnf_9sX1tHZs2c2ZzM2Nk89DL7i2nnwFOjq801YOpztsN3ww0tn8tdTWubj17tVH-v8GCQ9GXpwZHVtgpI9sgKwoW5auB5raDX2lqI7ddHYRN-7_WoqffQqcFWQuJBLkIsME4IUjUqEMIZKAoqFlBLRZEtUi7RMwuRpIUBwjqJIYqViKiGE3nt_o1twXrf9T939O-zvbXa9AX0dWVo:1n8cLz:XlzHWigsCev4Ot6TGw6kwHH4jrFbo9K7vhh2dCaXIqo", "expire_date": "2022-01-29T06:15:55.398Z"}}, {"model": "sessions.session", "pk": "ud6blx9y04n477yvb3hz6qhil568sliv", "fields": {"session_data": ".eJxVj8FugzAMht8l541BEmja2ySqojEx7dJrZBxTMhBIJLBqVd99Yaqq9eLDZ33_b1_YQGfPduyFPbGlex5h9i3XzoOnQPfvtuyrT_s147mA70oVOf8xh_xtKgZVnfIg6dXQs6NJWxMU9chqwI6GdeFGtNBrHCeKbtRFSxcdy4_XtfTRa8G1QeJCbkFuFCYEKZosEcIYaggoFlJKRKO2mG3SJgmTp7UAwTmKOomzLKYGQuit9y-6B-d1P57s8O-w-9vs-gufvFl8:1nBJce:oMakpIhcTErfSyHSr1xcNEV8a0SXmd4SwAm2MdyBsDo", "expire_date": "2022-02-05T16:52:16.807Z"}}, {"model": "sessions.session", "pk": "y2ni4030dbxyjydbx8qx8jxgak4u1c8d", "fields": {"session_data": "e30:1mwot9:KH1SVAnwQnc55Q2HG-xRXKZx4Rpv5WQxULcGao2Z-Pc", "expire_date": "2021-12-27T17:13:23.758Z"}}, {"model": "social_django.usersocialauth", "pk": 1, "fields": {"user": 8, "provider": "vk-oauth2", "uid": "271052636", "extra_data": "{\"auth_time\": 1643306383, \"id\": 271052636, \"expires\": 86400, \"access_token\": \"1be3d59685f04dab7889b3012557d800cce7e8382560b640082f1ffdd2c881931306cf5590d830abf7a90\", \"token_type\": null}", "created": "2022-01-15T05:00:45.312Z", "modified": "2022-01-27T17:59:43.550Z"}}, {"model": "mainapp.productcategory", "pk": 1, "fields": {"name": "Стулья", "descriptions": "Попробуй оторваться.", "is_active": true}}, {"model": "mainapp.productcategory", "pk": 2, "fields": {"name": "Диваны", "descriptions": "Не оторваться.", "is_active": true}}, {"model": "mainapp.productcategory", "pk": 3, "fields": {"name": "Кухни", "descriptions": "Не оторваться.", "is_active": true}}, {"model": "mainapp.productcategory", "pk": 16, "fields": {"name": "Test", "descriptions": "Test", "is_active": false}}, {"model": "mainapp.product", "pk": 2, "fields": {"category": 1, "name": "Чайник", "image": "img/product-3.jpg", "short_desc": "", "description": "", "price": "0.00", "quantity": 15, "is_active": true}}, {"model": "mainapp.product", "pk": 4, "fields": {"category": 1, "name": "Плафон", "image": "img/product-11.jpg", "short_desc": "", "description": "", "price": "150.00", "quantity": 0, "is_active": true}}, {"model": "mainapp.product", "pk": 5, "fields": {"category": 1, "name": "Офисный стул", "image": "img/product-21.jpg", "short_desc": "", "description": "", "price": "450.00", "quantity": 0, "is_active": true}}, {"model": "mainapp.product", "pk": 6, "fields": {"category": 1, "name": "Ламопчка", "image": "img/product-1.jpg", "short_desc": "", "description": "", "price": "100.00", "quantity": 0, "is_active": true}}, {"model": "mainapp.product", "pk": 7, "fields": {"category": 16, "name": "Руслан Иванов", "image": "products_images/001.jpg", "short_desc": "", "description": "", "price": "150.00", "quantity": 15, "is_active": true}}, {"model": "mainapp.product", "pk": 8, "fields": {"category": 16, "name": "Руслан Иванов", "image": "products_images/001_kQzPfo5.jpg", "short_desc": "", "description": "", "price": "150.00", "quantity": 15, "is_active": true}}, {"model": "authapp.shopuser", "pk": 1, "fields": {"password": "pbkdf2_sha256$320000$JYGnBbXJ6CMWW3aohTpnAt$f9pke8Our8jQgeSRxvyZD6/leu7ZfLcydghZ/UUeJtM=", "last_login": "2022-01-29T17:14:55.471Z", "is_superuser": true, "username": "admin", "first_name": "", "last_name": "", "email": "django@geekshop.local", "is_staff": true, "is_active": true, "date_joined": "2021-12-13T15:58:09.809Z", "avatar": "", "age": 40, "activation_key": "", "activation_key_expires": "2022-01-14T05:41:48.869Z", "groups": [], "user_permissions": []}}, {"model": "authapp.shopuser", "pk": 2, "fields": {"password": "pbkdf2_sha256$320000$Y8fG1rEDvdRfUJnMxw7EI1$PoFO9a1gpNBp+RbDyopqPu6cMqHuiB2YdM4ipKip5F0=", "last_login": "2021-12-13T17:14:06Z", "is_superuser": false, "username": "admins", "first_name": "алексей", "last_name": "", "email": "foureyes@gmail.com", "is_staff": false, "is_active": true, "date_joined": "2021-12-13T17:12:29Z", "avatar": "", "age": 22, "activation_key": "", "activation_key_expires": "2022-01-14T05:41:48.869Z", "groups": [], "user_permissions": []}}, {"model": "authapp.shopuser", "pk": 3, "fields": {"password": "pbkdf2_sha256$320000$D8POMpFUcoAv90rtDtxCBT$EFVX/E/sXj7rLgKVGNwkkcP3XgZj16syNPBohfmP9z8=", "last_login": "2021-12-18T13:13:53Z", "is_superuser": false, "username": "adminin", "first_name": "Ruslan", "last_name": "", "email": "ruslan4432013@gmail.com", "is_staff": false, "is_active": false, "date_joined": "2021-12-14T12:08:27Z", "avatar": "", "age": 27, "activation_key": "", "activation_key_expires": "2022-01-14T05:41:48.869Z", "groups": [], "user_permissions": []}}, {"model": "authapp.shopuser", "pk": 4, "fields": {"password": "pbkdf2_sha256$320000$OuUrOHXovGQDtZj7fQlGy2$f0N2VlGGKBgQiW4KmEzONbi0kj5UZReBYk+qAoz1740=", "last_login": null, "is_superuser": false, "username": "User1", "first_name": "user", "last_name": "", "email": "ruslan4432013@icloud.com", "is_staff": false, "is_active": false, "date_joined": "2022-01-12T06:16:12.745Z", "avatar": "", "age": 23, "activation_key": "b5719250619290bef1a867afc1dcdf57adbb78c6", "activation_key_expires": "2022-01-14T06:15:19.532Z", "groups": [], "user_permissions": []}}, {"model": "authapp.shopuser", "pk": 5, "fields": {"password": "pbkdf2_sha256$320000$9qAKFp4G9q90WqaRKfBQni$TD7QSoJzQmItFr97qfGf6GD5aUovTdlld+DQxvKUdq0=", "last_login": null, "is_superuser": false, "username": "ruslan", "first_name": "Ruslan", "last_name": "", "email": "ruslan4432013@gmail.com", "is_staff": false, "is_active": false, "date_joined": "2022-01-12T06:21:24.554Z", "avatar": "", "age": 122, "activation_key": "6364b639694b4dee1582d6368dd4252b5a864634", "activation_key_expires": "2022-01-14T06:21:02.679Z", "groups": [], "user_permissions": []}}, {"model": "authapp.shopuser", "pk": 6, "fields": {"password": "pbkdf2_sha256$320000$g1JaBkq97N69sJvvpRYLCO$pB4B6UK1LyBkXb4Pn6loEtjN15hKrQas4UFpNsPlPSo=", "last_login": "2022-01-12T06:24:58.192Z", "is_superuser": false, "username": "django", "first_name": "Ruslan", "last_name": "", "email": "h1ash@hash.ru", "is_staff": false, "is_active": true, "date_joined": "2022-01-12T06:24:22.218Z", "avatar": "", "age": 21, "activation_key": "8dcf3b0865ba88049dfb9536807cf72b7a0a34dc", "activation_key_expires": "2022-01-14T06:23:58.053Z", "groups": [], "user_permissions": []}}, {"model": "authapp.shopuser", "pk": 7, "fields": {"password": "pbkdf2_sha256$320000$gxore4fP4oRGfety7xr0a7$opB9V4o2dx/cqm8hpjq9WNcKFUZSLhCNMtUEX6ug8g4=", "last_login": "2022-01-12T06:27:23.573Z", "is_superuser": false, "username": "djangosss", "first_name": "Русланsa", "last_name": "", "email": "ruslan44wwq@gmail.com", "is_staff": false, "is_active": true, "date_joined": "2022-01-12T06:27:07.479Z", "avatar": "", "age": 1231, "activation_key": "d960df3d718c6a00ef8bd8f50ab73537d6d58d18", "activation_key_expires": "2022-01-14T06:23:58.053Z", "groups": [], "user_permissions": []}}, {"model": "authapp.shopuser", "pk": 8, "fields": {"password": "!CbkHL92X3YMZGkIsiDTB2vE2eDPvdaGFLgroqfpl", "last_login": "2022-01-27T17:59:43.594Z", "is_superuser": false, "username": "rodrijiez", "first_name": "Руслан", "last_name": "Иванов", "email": "", "is_staff": false, "is_active": true, "date_joined": "2022-01-15T05:00:45.292Z", "avatar": "", "age": 18, "activation_key": "", "activation_key_expires": "2022-01-17T05:00:37.864Z", "groups": [], "user_permissions": []}}, {"model": "authapp.shopuserprofile", "pk": 1, "fields": {"user": 1, "tagline": "", "about_me": "", "gender": ""}}, {"model": "authapp.shopuserprofile", "pk": 2, "fields": {"user": 2, "tagline": "", "about_me": "", "gender": ""}}, {"model": "authapp.shopuserprofile", "pk": 3, "fields": {"user": 3, "tagline": "", "about_me": "", "gender": ""}}, {"model": "authapp.shopuserprofile", "pk": 4, "fields": {"user": 4, "tagline": "", "about_me": "", "gender": ""}}, {"model": "authapp.shopuserprofile", "pk": 5, "fields": {"user": 5, "tagline": "", "about_me": "", "gender": ""}}, {"model": "authapp.shopuserprofile", "pk": 6, "fields": {"user": 6, "tagline": "", "about_me": "", "gender": ""}}, {"model": "authapp.shopuserprofile", "pk": 7, "fields": {"user": 7, "tagline": "", "about_me": "", "gender": ""}}, {"model": "authapp.shopuserprofile", "pk": 8, "fields": {"user": 8, "tagline": "", "about_me": "", "gender": "M"}}, {"model": "basketapp.basket", "pk": 1, "fields": {"user": 2, "product": 2, "quantity": 4, "add_datetime": "2021-12-13T17:14:16.865Z"}}, {"model": "basketapp.basket", "pk": 6, "fields": {"user": 3, "product": 4, "quantity": 6, "add_datetime": "2021-12-15T09:59:18.740Z"}}, {"model": "basketapp.basket", "pk": 8, "fields": {"user": 3, "product": 5, "quantity": 1, "add_datetime": "2021-12-15T09:59:22.116Z"}}, {"model": "basketapp.basket", "pk": 10, "fields": {"user": 3, "product": 6, "quantity": 4, "add_datetime": "2021-12-15T11:08:11.332Z"}}, {"model": "basketapp.basket", "pk": 11, "fields": {"user": 3, "product": 2, "quantity": 2, "add_datetime": "2021-12-15T11:38:00.693Z"}}, {"model": "ordersapp.order", "pk": 1, "fields": {"user": 1, "created": "2022-01-20T15:01:10.645Z", "updated": "2022-01-20T15:01:10.704Z", "status": "FM", "is_active": false}}, {"model": "ordersapp.order", "pk": 2, "fields": {"user": 8, "created": "2022-01-20T15:07:16.555Z", "updated": "2022-01-20T15:07:16.597Z", "status": "FM", "is_active": false}}, {"model": "ordersapp.order", "pk": 3, "fields": {"user": 8, "created": "2022-01-20T15:11:14.430Z", "updated": "2022-01-20T15:11:25.784Z", "status": "STP", "is_active": true}}, {"model": "ordersapp.order", "pk": 4, "fields": {"user": 8, "created": "2022-01-25T11:12:54.925Z", "updated": "2022-01-25T11:12:54.989Z", "status": "FM", "is_active": false}}, {"model": "ordersapp.order", "pk": 5, "fields": {"user": 8, "created": "2022-01-25T11:13:35.587Z", "updated": "2022-01-25T11:13:35.637Z", "status": "FM", "is_active": false}}, {"model": "ordersapp.order", "pk": 6, "fields": {"user": 8, "created": "2022-01-25T11:17:32.442Z", "updated": "2022-01-25T11:17:32.479Z", "status": "FM", "is_active": false}}, {"model": "ordersapp.order", "pk": 7, "fields": {"user": 8, "created": "2022-01-25T11:21:20.274Z", "updated": "2022-01-25T11:23:05.962Z", "status": "FM", "is_active": true}}, {"model": "ordersapp.orderitem", "pk": 1, "fields": {"order": 1, "product": 2, "quantity": 5}}, {"model": "ordersapp.orderitem", "pk": 2, "fields": {"order": 2, "product": 2, "quantity": 5}}, {"model": "ordersapp.orderitem", "pk": 3, "fields": {"order": 3, "product": 4, "quantity": 1}}, {"model": "ordersapp.orderitem", "pk": 4, "fields": {"order": 3, "product": 5, "quantity": 1}}, {"model": "ordersapp.orderitem", "pk": 5, "fields": {"order": 4, "product": 2, "quantity": 5}}, {"model": "ordersapp.orderitem", "pk": 6, "fields": {"order": 7, "product": 4, "quantity": 2}}]